Workbook
Name elecdata: '[1]Data Workup'!$A$13:$E$17

Sheet Sulfide_ISE_Data
A1: ContainerID | B1: Project | C1: SulfideISE_DataFileName | D1: Sulfide_ISE_AnalysisDate | E1: Sulfide_ISE_AnalysisTech | F1: Sulfide_ISE_ElectrodeID | G1: Sulfide_ISE_CalibrationDate | H1: Sulfide_ppm | I1: Sulfide_ppm_QA | J1: Analyst Note
D2: ='Sample Measurement'!$K$7 -> 44754 | E2: ='Sample Measurement'!K8 -> Virginia Krause, Emily Richter | F2: =Calibration!C18 -> E1 | G2: =Calibration!$C$16 -> 45484

Sheet Sample Measurement
A1: Sample ID | B1: mV | C1: [S(-II)] / (mg/L) | D1: DF | E1: Original [S(-II)] (mg/L) | F1: QA_Flag | G1: Notes
A2: PCaMM_SUF_114 | B2: -752.8 | C2: =EXP((B2-Calibration!$C$42)/Calibration!$C$41) -> 0.67188099 | D2: 1 | E2: =C2*D2 -> 0.67188099 | F2: =IF(E2<Calibration!$C$46, "<DL", "")
A3: PCaMM_SUF_115 | B3: -755.3 | C3: =EXP((B3-Calibration!$C$42)/Calibration!$C$41) -> 0.78775764 | D3: 1 | E3: =C3*D3 -> 0.78775764 | F3: =IF(E3<Calibration!$C$46, "<DL", "")
A4: PCaMM_SUF_116 | B4: -752 | C4: =EXP((B4-Calibration!$C$42)/Calibration!$C$41) -> 0.63852847 | D4: 1 | E4: =C4*D4 -> 0.63852847 | F4: =IF(E4<Calibration!$C$46, "<DL", "") | I4: Poulin Lab - Dept. of Environmental Toxicology
A5: PCaMM_SUF_117 | B5: -749.8 | C5: =EXP((B5-Calibration!$C$42)/Calibration!$C$41) -> 0.55510103 | D5: 1 | E5: =C5*D5 -> 0.55510103 | F5: =IF(E5<Calibration!$C$46, "<DL", "") | I5: UC Davis
A6: PCaMM_SUF_118 | B6: -748.1 | C6: =EXP((B6-Calibration!$C$42)/Calibration!$C$41) -> 0.4981772 | D6: 1 | E6: =C6*D6 -> 0.4981772 | F6: =IF(E6<Calibration!$C$46, "<DL", "")
A7: PCaMM_SUF_119 | B7: -745.9 | C7: =EXP((B7-Calibration!$C$42)/Calibration!$C$41) -> 0.43308746 | D7: 1 | E7: =C7*D7 -> 0.43308746 | F7: =IF(E7<Calibration!$C$46, "<DL", "") | I7: Analysis Date: | K7: 44754
A8: PCaMM_SUF_120 | B8: -748 | C8: =EXP((B8-Calibration!$C$42)/Calibration!$C$41) -> 0.49501668 | D8: 1 | E8: =C8*D8 -> 0.49501668 | F8: =IF(E8<Calibration!$C$46, "<DL", "") | I8: Analyst: | K8: Virginia Krause, Emily Richter
C9: =EXP((B9-Calibration!$C$42)/Calibration!$C$41) -> 1.0466916e-21 | D9: 1 | E9: =C9*D9 -> 1.0466916e-21 | F9: =IF(E9<Calibration!$C$46, "<DL", "") -> <DL | I9: FileName | K9: 20240711_Sulfide_E1
C10: =EXP((B10-Calibration!$C$42)/Calibration!$C$41) -> 1.0466916e-21 | D10: 1 | E10: =C10*D10 -> 1.0466916e-21 | F10: =IF(E10<Calibration!$C$46, "<DL", "") -> <DL
C11: =EXP((B11-Calibration!$C$42)/Calibration!$C$41) -> 1.0466916e-21 | D11: 1 | E11: =C11*D11 -> 1.0466916e-21 | F11: =IF(E11<Calibration!$C$46, "<DL", "") -> <DL
C12: =EXP((B12-Calibration!$C$42)/Calibration!$C$41) -> 1.0466916e-21 | D12: 1 | E12: =C12*D12 -> 1.0466916e-21 | F12: =IF(E12<Calibration!$C$46, "<DL", "") -> <DL
C13: =EXP((B13-Calibration!$C$42)/Calibration!$C$41) -> 1.0466916e-21 | D13: 1 | E13: =C13*D13 -> 1.0466916e-21 | F13: =IF(E13<Calibration!$C$46, "<DL", "") -> <DL
C14: =EXP((B14-Calibration!$C$42)/Calibration!$C$41) -> 1.0466916e-21 | D14: 1 | E14: =C14*D14 -> 1.0466916e-21 | F14: =IF(E14<Calibration!$C$46, "<DL", "") -> <DL
C15: =EXP((B15-Calibration!$C$42)/Calibration!$C$41) -> 1.0466916e-21 | D15: 1 | E15: =C15*D15 -> 1.0466916e-21 | F15: =IF(E15<Calibration!$C$46, "<DL", "") -> <DL
C16: =EXP((B16-Calibration!$C$42)/Calibration!$C$41) -> 1.0466916e-21 | D16: 1 | E16: =C16*D16 -> 1.0466916e-21 | F16: =IF(E16<Calibration!$C$46, "<DL", "") -> <DL
C17: =EXP((B17-Calibration!$C$42)/Calibration!$C$41) -> 1.0466916e-21 | D17: 1 | E17: =C17*D17 -> 1.0466916e-21 | F17: =IF(E17<Calibration!$C$46, "<DL", "") -> <DL
C18: =EXP((B18-Calibration!$C$42)/Calibration!$C$41) -> 1.0466916e-21 | D18: 1 | E18: =C18*D18 -> 1.0466916e-21 | F18: =IF(E18<Calibration!$C$46, "<DL", "") -> <DL
C19: =EXP((B19-Calibration!$C$42)/Calibration!$C$41) -> 1.0466916e-21 | D19: 1 | E19: =C19*D19 -> 1.0466916e-21 | F19: =IF(E19<Calibration!$C$46, "<DL", "") -> <DL
C20: =EXP((B20-Calibration!$C$42)/Calibration!$C$41) -> 1.0466916e-21 | D20: 1 | E20: =C20*D20 -> 1.0466916e-21 | F20: =IF(E20<Calibration!$C$46, "<DL", "") -> <DL
C21: =EXP((B21-Calibration!$C$42)/Calibration!$C$41) -> 1.0466916e-21 | D21: 1 | E21: =C21*D21 -> 1.0466916e-21 | F21: =IF(E21<Calibration!$C$46, "<DL", "") -> <DL
... C45: =EXP((B45-Calibration!$C$42)/Calibration!$C$41) -> 1.0466916e-21 | D45: 1 | E45: =C45*D45 -> 1.0466916e-21 | F45: =IF(E45<Calibration!$C$46, "<DL", "") -> <DL

Sheet PRINT_Field Sheet
A1: Sample ID | B1: mV | C1: [S(-II)] (mg/L) | D1: QA_Flag | E1: Notes
G3: Poulin Lab - Dept. of Environmental Toxicology
G4: UC Davis
G7: Analysis Date:
G8: Analyst:
G9: FileName

Sheet Calibration
B5: Pouiln Lab - Dept. of Environmental Toxicology
B6: UC Davis
B8: Steps:
B9: 1. Prepare the calibration standard solutions
B10: 2. Populate the table below with measurement information (date, project, electrode ID, analyst; Cells C16-19)
B11: 3. Measure all calibration standards and populate Cells G22-28. If the electrode is drifitng, measure each solution twice.
B12: 4. Evaluate the detection limit between 0.05 and 0.01 mg/L. Enter the DL in Cell C45.
B13: 5. Review the R2 value (cell C44) and confirm it is >0.99.
B14: 6. Review the mV offset for the high calibration standards (Cell C48) and confirm it is ± 2mV of theoretical value (Cell C50)
B16: Calibration Date: | C16: 45484 | E16: Concentration of 10 mg/L sulfide working stock soln
B17: Project: | C17: Valley Water | E17: ='Sulfide Stock Soln'!C36 -> 9.12 | F17: mg/L
B18: Electrode: | C18: E1
B19: Analyst: | C19: Virginia Krause
B21: S(-II) Cal standard (mg/L) | C21: Volume 10 mg/L Stock (mL) | D21: Volume Deaerated DI (ml) | E21: Volume SAOB (mL) | F21: mV 1 | G21: mV 2 | H21: Avg mV
A22: STD1 | B22: =(C22*$E$17)/(C22+D22) -> 0.00912 | C22: 0.01 | D22: =10-C22 -> 9.99 | E22: 10 | F22: -415.2 | H22: =AVERAGE(F22:G22) -> -415.2
A23: STD2 | B23: =(C23*$E$17)/(C23+D23) -> 0.0456 | C23: 0.05 | D23: =10-C23 -> 9.95 | E23: 10 | F23: -700 | G23: -707.1 | H23: =AVERAGE(F23:G23,I23) -> -706.33333 | I23: -711.9 | J23: Meausred in triplicate
A24: STD3 | B24: =(C24*$E$17)/(C24+D24) -> 0.0912 | C24: 0.1 | D24: =10-C24 -> 9.9 | E24: 10 | F24: -722.6 | H24: =AVERAGE(F24:G24) -> -722.6
A25: STD4 | B25: =(C25*$E$17)/(C25+D25) -> 0.456 | C25: 0.5 | D25: =10-C25 -> 9.5 | E25: 10 | F25: -750.4 | H25: =AVERAGE(F25:G25) -> -750.4
A26: STD5 | B26: =(C26*$E$17)/(C26+D26) -> 0.912 | C26: 1 | D26: =10-C26 -> 9 | E26: 10 | F26: -760.4 | H26: =AVERAGE(F26:G26) -> -760.4
A27: STD6 | B27: =(C27*$E$17)/(C27+D27) -> 4.56 | C27: 5 | D27: =10-C27 -> 5 | E27: 10 | F27: -781.9 | H27: =AVERAGE(F27:G27) -> -781.9
A28: STD7 | B28: =(C28*$E$17)/(C28+D28) -> 9.12 | C28: 10 | D28: =10-C28 -> 0 | E28: 10 | F28: -791.3 | H28: =AVERAGE(F28:G28) -> -791.3
B32: [S(-II)] (mg/L) | C32: mV response
A33: OPTIONAL | B33: =B22 -> 0.00912 | C33: =H22 -> -415.2
B34: =B23 -> 0.0456 | C34: =H23 -> -706.33333
B35: =B24 -> 0.0912 | C35: =H24 -> -722.6
B36: =B25 -> 0.456 | C36: =H25 -> -750.4
B37: =B26 -> 0.912 | C37: =H26 -> -760.4
B38: =B27 -> 4.56 | C38: =H27 -> -781.9
B39: =B28 -> 9.12 | C39: =H28 -> -791.3
B41: slope | C41: {=_xlfn.SINGLE(INDEX(LINEST(C34:C39,LN(B34:B39)),1))} -> -15.712474
B42: intercept | C42: {=_xlfn.SINGLE(INDEX(LINEST(C34:C39, LN(B34:B39)),2))} -> -759.04844
B43: R^2 | C43: {=_xlfn.SINGLE(INDEX(LINEST(C34:C39, LN(B34:B39),TRUE,TRUE),3))} -> 0.99128643
B44: R2 Criteria | C44: =IF(C43>0.99, "PASS", "FAIL") -> PASS
B46: Detection Limit (mg/L) | C46: =B34 -> 0.0456
B48: Measured mV Offset | C48: =H28-H26 -> -30.9
B49: Theoretical mV Offset* | C49: =-59.2/2 -> -29.6
B50: mV Offset Criteria | C50: =IF(AND(C48>=-31.6, C48<=-27.6), "PASS", "FAIL") -> PASS
B51: *Based on Nernst Equation, there should be an offset of -59.2 mV for each order of magnitude change in concentration / per unit charge

Sheet Sulfide Stock Soln
B1: Sulfide Stock Solution Calibration
B2: The details below outline the preparation of [S(-II)] stock solution from Na2S and dilution for ISE calibration standards
B3: Solution to be prepared with deaerated water (N2 purged) and stored in a N2-filled glove box.
A5: STEP
A6: 1. | B6: Sulfide Stock Solution Preparation
B7: Choose depending on which salt is available
B8: 2000 mg/L sulfide (as Na2S●9H2O) stock Solution | F8: or… | G8: 2000 mg/L sulfide (as Na2S) stock Solution
B9: **Skip this step if sulfide stock is already prepped | G9: **Skip this step if sulfide stock is already prepped
B11: Preparation Date | G11: Preparation Date | H11: 45366
B12: Mass Na2S●9H2O salt | D12: g | G12: Mass Na2S | H12: 0.4866 | I12: g
B13: % S(-II) in Na2S●9H2O | C13: =(32.065/240.18) -> 0.13350404 | G13: % S(-II) in Na2S | H13: =(32.065/78.0452) -> 0.41085166
B14: Mass S(-II) | C14: =C13*C12 -> 0 | D14: g | G14: Mass S(-II) | H14: =H13*H12 -> 0.19992042 | I14: g
B15: Deaerated DI | C15: 100 | D15: g | G15: Deaerated DI | H15: 100 | I15: g
B16: theoretical [S(-II)] mg/L | C16: =(C14/C15)*1000*1000 -> 0 | G16: theoretical [S(-II)] mg/L | H16: =(H14/H15)*1000*1000 -> 1999.2042
B17: *Prepared in anoxic glove box | G17: *Prepared in anoxic glove box
A19: 2. | B19: Dilution for Quantification and ISE Calibration Standards
B20: Prepration of 100 mg/L Na2S stock solution (2 mL up to 40 mL)
B21: Mass parent S(-II) stock solution | C21: 2 | D21: g
B22: Mass Deaerated DI | C22: =(40-C21) -> 38 | D22: g
B24: Prepration of 10 mg/L Na2S stock solution (4 mL up to 40 mL)
B25: Mass 100 mg/L Na2S solution | C25: 4 | D25: g
B26: Mass Deaerated DI | C26: 36 | D26: g
B28: Prepration of 0.5 mg/L Na2S stock solution (0.5 mL up to 10 mL)
B29: Mass 10 mg/L Na2S solution | C29: 0.5 | D29: g
B30: Mass Deaerated DI | C30: 9.5 | D30: g
A33: 3. | B33: Hach Measurement of Sulfide Concentration
B35: Conc. of 0.5 mg/L solution | C35: 0.456 | D35: mg/L
B36: Conc. 10 mg/L Working Stock | C36: =C35*(SUM(C29:C30)/C29) -> 9.12 | D36: mg/L
